{
  "user": {
    "uid": "95353972682",
    "type": 3,
    "city": "北京",
    "gender": 2,
    "ins_id": "",
    "region": "CN",
    "secret": 0,
    "wx_tag": 0,
    "country": "中国",
    "is_star": false,
    "room_id": 0,
    "sec_uid": "MS4wLjABAAAAp9x45eBF9eCuAUxMZVQaKxD6254b6XRz0_HcdwPKu1c",
    "activity": {
      "digg_count": 0,
      "use_music_count": 0
    },
    "birthday": "1993-01-01",
    "cha_list": null,
    "district": "朝阳",
    "dp_level": true,
    "is_block": false,
    "location": "北京",
    "nickname": "万国土特产",
    "province": "",
    "short_id": "625754312",
    "cover_url": [
      {
        "uri": "1c9fb0001e09431b7d759",
        "url_list": [
          "https://p1-dy.byteimg.com/obj/1c9fb0001e09431b7d759",
          "https://p3-dy.byteimg.com/obj/1c9fb0001e09431b7d759",
          "https://p9-dy.byteimg.com/obj/1c9fb0001e09431b7d759"
        ]
      },
      {
        "uri": "c8510002be9a3a61aad2",
        "url_list": [
          "https://p9-dy.byteimg.com/obj/c8510002be9a3a61aad2",
          "https://p1-dy.byteimg.com/obj/c8510002be9a3a61aad2",
          "https://p3-dy.byteimg.com/obj/c8510002be9a3a61aad2"
        ]
      }
    ],
    "has_story": false,
    "item_list": null,
    "signature": "安利给你歪果仁们家乡的土特产~",
    "unique_id": "",
    "user_mode": 0,
    "weibo_url": "",
    "avatar_uri": "2ce200002af24d4598a09",
    "bind_phone": "#",
    "geofencing": null,
    "is_blocked": false,
    "share_info": {
      "share_url": "www.iesdouyin.com/share/user/95353972682?sec_uid=MS4wLjABAAAAp9x45eBF9eCuAUxMZVQaKxD6254b6XRz0_HcdwPKu1c&u_code=g4eggb9a",
      "share_desc": "在抖音，记录美好生活！",
      "share_title": "快来加入抖音，让你发现最有趣的我！",
      "bool_persist": 1,
      "share_image_url": {
        "url_list": null
      },
      "share_qrcode_url": {
        "uri": "7298001df62175482ad0",
        "url_list": [
          "https://p3-dy.byteimg.com/obj/7298001df62175482ad0",
          "https://p9-dy.byteimg.com/obj/7298001df62175482ad0",
          "https://p1-dy.byteimg.com/obj/7298001df62175482ad0"
        ]
      },
      "share_weibo_desc": "在抖音，记录美好生活！"
    },
    "story_open": false,
    "twitter_id": "",
    "type_label": null,
    "video_icon": {
      "uri": "",
      "url_list": []
    },
    "aweme_count": 87,
    "is_verified": true,
    "need_points": null,
    "school_name": "",
    "urge_detail": {
      "user_urged": 0
    },
    "user_period": 0,
    "verify_info": "",
    "video_cover": {},
    "ad_cover_url": null,
    "avatar_thumb": {
      "uri": "2ce200002af24d4598a09",
      "url_list": [
        "https://p3-dy.byteimg.com/aweme/100x100/2ce200002af24d4598a09.jpeg",
        "https://p9-dy.byteimg.com/aweme/100x100/2ce200002af24d4598a09.jpeg",
        "https://p1-dy.byteimg.com/aweme/100x100/2ce200002af24d4598a09.jpeg"
      ]
    },
    "college_name": "",
    "duet_setting": 0,
    "has_insights": false,
    "special_lock": 1,
    "twitter_name": "",
    "watch_status": false,
    "weibo_schema": "",
    "weibo_verify": "",
    "apple_account": 0,
    "avatar_larger": {
      "uri": "2ce200002af24d4598a09",
      "url_list": [
        "https://p3-dy.byteimg.com/aweme/1080x1080/2ce200002af24d4598a09.jpeg",
        "https://p9-dy.byteimg.com/aweme/1080x1080/2ce200002af24d4598a09.jpeg",
        "https://p1-dy.byteimg.com/aweme/1080x1080/2ce200002af24d4598a09.jpeg"
      ]
    },
    "avatar_medium": {
      "uri": "2ce200002af24d4598a09",
      "url_list": [
        "https://p3-dy.byteimg.com/aweme/720x720/2ce200002af24d4598a09.jpeg",
        "https://p9-dy.byteimg.com/aweme/720x720/2ce200002af24d4598a09.jpeg",
        "https://p1-dy.byteimg.com/aweme/720x720/2ce200002af24d4598a09.jpeg"
      ]
    },
    "constellation": 8,
    "custom_verify": "",
    "dongtai_count": 90,
    "follow_status": 0,
    "hide_location": false,
    "live_commerce": true,
    "react_setting": 0,
    "school_poi_id": "",
    "user_canceled": false,
    "account_region": "",
    "avatar_168x168": {
      "uri": "2ce200002af24d4598a09",
      "url_list": [
        "http://p3-dy.byteimg.com/img/mosaic-legacy/2ce200002af24d4598a09~168x168.webp",
        "http://p9-dy.byteimg.com/img/mosaic-legacy/2ce200002af24d4598a09~168x168.webp",
        "http://p1-dy.byteimg.com/img/mosaic-legacy/2ce200002af24d4598a09~168x168.webp"
      ]
    },
    "avatar_300x300": {
      "uri": "2ce200002af24d4598a09",
      "url_list": [
        "http://p3-dy.byteimg.com/img/mosaic-legacy/2ce200002af24d4598a09~300x300.webp",
        "http://p9-dy.byteimg.com/img/mosaic-legacy/2ce200002af24d4598a09~300x300.webp",
        "http://p1-dy.byteimg.com/img/mosaic-legacy/2ce200002af24d4598a09~300x300.webp"
      ]
    },
    "follower_count": 414580,
    "is_pro_account": false,
    "need_addr_card": false,
    "relative_users": null,
    "shop_micro_app": "",
    "with_new_goods": false,
    "comment_setting": 0,
    "follower_status": 0,
    "following_count": 27,
    "new_story_cover": null,
    "reflow_page_gid": 0,
    "reflow_page_uid": 0,
    "sync_to_toutiao": 1,
    "total_favorited": 3128805,
    "with_shop_entry": false,
    "download_setting": 0,
    "favoriting_count": 1111,
    "followers_detail": [
      {
        "icon": "http://p3.pstatp.com/origin/50ec00079b64de2050dc",
        "name": "抖音",
        "app_name": "aweme",
        "apple_id": "1142110895",
        "open_url": "snssdk1128://user/profile/95353972682?",
        "fans_count": 414580,
        "download_url": "https://d.douyin.com/JsvN/",
        "package_name": "com.ss.android.ugc.aweme"
      },
      {
        "icon": "http://p3.pstatp.com/origin/50ed00079a1b6b8d1fb1",
        "name": "头条",
        "app_name": "news_article",
        "apple_id": "529092160",
        "open_url": "snssdk143://profile?uid=103489290023",
        "fans_count": 156089,
        "download_url": "https://d.toutiao.com/YjjY/",
        "package_name": "com.ss.android.article.news"
      },
      {
        "icon": "http://p3.pstatp.com/origin/551900041a7e00ec86ca",
        "name": "火山",
        "app_name": "live_stream",
        "apple_id": "1086047750",
        "open_url": "snssdk1112://profile?id=95353972682",
        "fans_count": 0,
        "download_url": "http://d.huoshanzhibo.com/eFvB/",
        "package_name": "com.ss.android.ugc.live"
      }
    ],
    "has_unread_story": false,
    "is_activity_user": false,
    "is_effect_artist": false,
    "is_gov_media_vip": false,
    "iso_country_code": "CN",
    "life_story_block": {
      "life_story_block": false
    },
    "prevent_download": false,
    "profile_tab_type": 0,
    "share_qrcode_uri": "7298001df62175482ad0",
    "user_story_count": 0,
    "with_luban_entry": false,
    "with_stick_entry": true,
    "latest_order_time": 0,
    "original_musician": {
      "digg_count": 0,
      "music_count": 0,
      "music_used_count": 0
    },
    "r_fans_group_info": {},
    "show_image_bubble": false,
    "verification_type": 0,
    "commerce_user_info": {
      "star_atlas": 1,
      "show_star_atlas_cooperation": true
    },
    "download_prompt_ts": 0,
    "has_activity_medal": false,
    "platform_sync_info": null,
    "signature_language": "zh",
    "youtube_channel_id": "",
    "birthday_hide_level": 0,
    "commerce_user_level": 0,
    "with_commerce_entry": true,
    "star_use_new_download": true,
    "unique_id_modify_time": 1574913409,
    "youtube_channel_title": "",
    "youtube_refresh_token": "",
    "video_icon_virtual_URI": "",
    "with_fusion_shop_entry": true,
    "enterprise_verify_reason": "",
    "mplatform_followers_count": 570669,
    "recommend_reason_relation": "",
    "youtube_last_refresh_time": 0,
    "hide_following_follower_list": 0,
    "content_language_already_popup": 0,
    "with_commerce_enterprise_tab_entry": false
  },
  "extra": {
    "now": 1574913409000
  },
  "log_pb": {
    "impr_id": "2019112811564901001404504024421F1B"
  },
  "status_code": 0
}